{
    "utterances": [
        {
            "text": "Tell me more",
            "entities": [
                {
                    "entity": "learn_more:learn_more",
                    "start": 0,
                    "end": 12,
                    "body": "Tell me more",
                    "entities": []
                }
            ],
            "traits": [],
            "intent": "learn_more"
        },
        {
            "text": "What does this do?",
            "entities": [
                {
                    "entity": "ask_object_function:ask_object_function",
                    "start": 0,
                    "end": 18,
                    "body": "What does this do?",
                    "entities": []
                }
            ],
            "traits": [],
            "intent": "ask_object_function"
        }
    ]
}
