{
    "name": "ask_object_function",
    "roles": [
        "ask_object_function"
    ],
    "lookups": [
        "free-text",
        "keywords"
    ],
    "keywords": [
        {
            "keyword": "Explain this object",
            "synonyms": [
                "Explain this object"
            ]
        },
        {
            "keyword": "What does this do?",
            "synonyms": [
                "what does this do?"
            ]
        },
        {
            "keyword": "What is this used for?",
            "synonyms": [
                "What is this used for?"
            ]
        }
    ]
}
