{
    "name": "learn_more",
    "roles": [
        "learn_more"
    ],
    "lookups": [
        "free-text",
        "keywords"
    ],
    "keywords": [
        {
            "keyword": "Give me more details",
            "synonyms": [
                "Give me more details"
            ]
        },
        {
            "keyword": "Learn more",
            "synonyms": [
                "Learn more"
            ]
        },
        {
            "keyword": "Tell me more",
            "synonyms": [
                "tell me more"
            ]
        }
    ]
}
